"english";"russian";"difficulty"
"ability";"способность";A2
"abroad";"за границей";A2
"accept";"принимать";A2
"acceptable";"приемлемый";A2
"accident";"несчастный случай";A2
"account";"счет";A2
"achieve";"достигать";A2
"across";"через";A2
"act";"действовать";A2
"actually";"на самом деле";A2
"addition";"добавление";A2
"additional";"дополнительный";A2
"adjective";"прилагательное";A2
"adjust";"регулировать";A2
"admire";"восхищаться";A2
"admit";"признавать";A2
"adult";"взрослый";A2
"advanced";"передовой";A2
"advantage";"преимущество";A2
"adventure";"приключение";A2
"advertisement";"реклама";A2
"advertising";"реклама";A2
"advice";"совет";A2
"advise";"советовать";A2
"affair";"дело";A2
"after";"после";A2
"against";"против";A2
"aged";"в возрасте";A2
"agency";"агентство";A2
"agent";"агент";A2
"ahead";"предстоящий";A2
"air";"воздух";A2
"aisle";"ряд";A2
"alarm";"тревога";A2
"alarm clock";"будильник";A2
"alive";"живой";A2
"all";"все";A2
"allow";"позволять";A2
"alone";"один";A2
"along";"вдоль";A2
"alright";"хорошо";A2
"although";"хотя";A2
"ambition";"амбиции";A2
"among";"среди";A2
"amused";"изумленный";A2
"amusement";"развлечение";A2
"ancestor";"предок";A2
"ancient";"древний";A2
"angel";"ангел";A2
"angrily";"сердито";A2
"ankle";"лодыжка";A2
"anniversary";"годовщина";A2
"annoy";"раздражать";A2
"annoying";"раздражающий";A2
"another";"другой";A2
"anxious";"тревожный";A2
"anymore";"больше";A2
"anyway";"в любом случае";A2
"anywhere";"где угодно";A2
"apart";"отдельно";A2
"apartment";"квартира";A2
"apologize";"извиниться";A2
"apparently";"видимо";A2
"appear";"появляться";A2
"appearance";"появление";A2
"apply";"применять";A2
"appointment";"встреча";A2
"appreciate";"ценить";A2
"appropriate";"соответствующий";A2
"architecture";"архитектура";A2
"area";"область";A2
"argue";"спорить";A2
"argument";"аргумент";A2
"armchair";"кресло";A2
"armed";"вооруженный";A2
"around";"вокруг";A2
"artificial";"искусственный";A2
"as";"как";A2
"asleep";"спящий";A2
"assistant";"помощник";A2
"association";"ассоциация";A2
"astronaut";"космонавт";A2
"athlete";"спортсмен";A2
"atom";"атом";A2
"attack";"атаковать";A2
"attempt";"пытаться";A2
"attention";"внимание";A2
"attitude";"отношение";A2
"attractive";"привлекательный";A2
"audience";"аудитория";A2
"audio";"аудио";A2
"author";"автор";A2
"automatic";"автоматический";A2
"automatically";"автоматически";A2
"average";"средний";A2
"avoid";"избегать";A2
"award";"награда";A2
"awful";"ужасный";A2
"back";"назад";A2
"background";"фон";A2
"badly";"плохо";A2
"badminton";"бадминтон";A2
"bake";"выпекать";A2
"balcony";"балкон";A2
"balloon";"воздушный шар";A2
"bank";"банк";A2
"banking";"банковское дело";A2
"barbecue";"барбекю";A2
"barber";"парикмахер";A2
"bargain";"торговаться";A2
"base";"база";A2
"basic";"базовый";A2
"basically";"по сути";A2
"basket";"корзина";A2
"batch";"партия";A2
"battery";"батарея";A2
"bay";"залив";A2
"bear";"медведь";A2
"beauty";"красота";A2
"been";"был";A2
"beer";"пиво";A2
"before";"до";A2
"beg";"просить";A2
"beginner";"новичок";A2
"beginning";"начало";A2
"behavior";"поведение";A2
"being";"существование";A2
"belly";"живот";A2
"belong";"принадлежать";A2
"belt";"пояс";A2
"bench";"лавка";A2
"bend";"сгибать";A2
"besides";"кроме";A2
"better";"лучше";A2
"beyond";"вне";A2
"bill";"счет";A2
"bit";"кусочек";A2
"bite";"кусать";A2
"blackboard";"доска";A2
"blame";"обвинять";A2
"blanket";"одеяло";A2
"blonde";"блондинка";A2
"blood";"кровь";A2
"bloom";"цвести";A2
"blow";"дуть";A2
"board game";"настольная игра";A2
"boil";"варить";A2
"boiled";"вареный";A2
"bonus";"бонус";A2
"bookcase";"книжный шкаф";A2
"bookshelf";"книжная полка";A2
"bookshop";"книжный магазин";A2
"bored";"скучающий";A2
"boss";"босс";A2
"bother";"беспокоить";A2
"bra";"бюстгальтер";A2
"brainstorm";"мозговой штурм";A2
"brake";"тормоз";A2
"branch";"ветвь";A2
"brand";"бренд";A2
"brave";"храбрый";A2
"break";"перерыв";A2
"breeze";"ветер";A2
"bride";"невеста";A2
"brilliant";"блестящий";A2
"brown";"коричневый";A2
"budget";"бюджет";A2
"bug";"ошибка";A2
"bulb";"лампочка";A2
"burn";"гореть";A2
"bury";"хоронить";A2
"bus station";"автовокзал";A2
"bus stop";"автобусная остановка";A2
"bush";"куст";A2
"businessman";"бизнесмен";A2
"businesswoman";"деловая женщина";A2
"cab";"такси";A2
"cafeteria";"столовая";A2
"calendar";"календарь";A2
"call";"вызов";A2
"camp";"лагерь";A2
"camping";"кемпинг";A2
"campus";"кампус";A2
"can";"может";A2
"capital";"капитал";A2
"capital letter";"заглавная буква";A2
"captain";"капитан";A2
"car park";"автостоянка";A2
"carrot";"морковь";A2
"cash";"наличные";A2
"cassette";"кассета";A2
"castle";"замок";A2
"cause";"причина";A2
"cent";"цент";A2
"center";"центр";A2
"centimeter";"сантиметр";A2
"century";"век";A2
"cereal";"злак";A2
"certain";"определенный";A2
"certainly";"конечно";A2
"chain";"цепь";A2
"chairman";"председатель";A2
"challenge";"испытание";A2
"champagne";"шампанское";A2
"championship";"чемпионат";A2
"chance";"шанс";A2
"chapter";"глава";A2
"chart";"диаграмма";A2
"chat";"чат";A2
"cheap";"дешевый";A2
"check";"проверять";A2
"cheek";"щека";A2
"cheer";"ободрять";A2
"chef";"повар";A2
"chemical";"химический";A2
"chess";"шахматы";A2
"chest";"грудь";A2
"childhood";"детство";A2
"chili";"перец чили";A2
"chimpanzee";"шимпанзе";A2
"chin";"подбородок";A2
"chirp";"чирикать";A2
"choice";"выбор";A2
"cigarette";"сигарета";A2
"citizen";"гражданин";A2
"claim";"требовать";A2
"classic";"классический";A2
"classical music";"классическая музыка";A2
"cleaner";"уборщик";A2
"clear";"прозрачный";A2
"clearly";"четко";A2
"clerk";"клерк";A2
"click";"щелкнуть";A2
"climb";"взбираться";A2
"climbing";"восхождение";A2
"clone";"клонировать";A2
"clown";"клоун";A2
"clue";"зацепка";A2
"coast";"побережье";A2
"coin";"монета";A2
"cola";"кола";A2
"colorful";"красочный";A2
"column";"столбец";A2
"comb";"гребень";A2
"comfortable";"комфортный";A2
"comic";"комикс";A2
"commitment";"обязательство";A2
"committee";"комитет";A2
"common";"общий";A2
"communicate";"общаться";A2
"communication";"коммуникация";A2
"company";"компания";A2
"comparative";"сравнительный";A2
"compare";"сравнивать";A2
"competition";"соревнование";A2
"complain";"жаловаться";A2
"complaint";"жалоба";A2
"complete";"полный";A2
"composer";"композитор";A2
"concentrate";"сконцентрироваться";A2
"concern";"беспокойство";A2
"condition";"состояние";A2
"confident";"уверенный";A2
"confuse";"путать";A2
"confused";"смущенный";A2
"consequence";"последствие";A2
"consider";"учитывать";A2
"consist";"состоять";A2
"contact";"контакт";A2
"container";"контейнер";A2
"context";"контекст";A2
"continent";"континент";A2
"continue";"продолжать";A2
"contrast";"контраст";A2
"control";"контроль";A2
"convenience";"удобство";A2
"convenient";"удобный";A2
"cooker";"плита";A2
"cooking";"приготовление пищи";A2
"cooler";"охладитель";A2
"copy";"копировать";A2
"correctly";"правильно";A2
"cost";"расходы";A2
"count";"считать";A2
"country";"страна";A2
"countryside";"сельская местность";A2
"couple";"пара";A2
"court";"суд";A2
"cover";"крышка";A2
"crazy";"сумасшедший";A2
"cream";"крем";A2
"create";"создавать";A2
"creative";"творческий";A2
"creativity";"креативность";A2
"creature";"существо";A2
"credit";"кредит";A2
"cricket";"крикет";A2
"crime";"преступление";A2
"crisp";"свежий";A2
"criticize";"критиковать";A2
"cross";"крест";A2
"crowd";"толпа";A2
"crowded";"переполненный";A2
"crown";"корона";A2
"cruise";"круиз";A2
"cry";"плакать";A2
"cupboard";"буфет";A2
"curry";"карри";A2
"curse";"проклинать";A2
"custom";"обычай";A2
"customer";"клиент";A2
"cycling";"езда на велосипеде";A2
"daily";"ежедневно";A2
"dam";"плотина";A2
"dancer";"танцор";A2
"danger";"Опасность";A2
"dangerous";"опасный";A2
"daylight";"дневной свет";A2
"dead";"мертвый";A2
"deal";"иметь дело";A2
"death";"смерть";A2
"debate";"дебаты";A2
"decide";"решать";A2
"deep";"глубокий";A2
"deeply";"глубоко";A2
"degree";"степень";A2
"delay";"задерживать";A2
"dentist";"дантист";A2
"department store";"универмаг";A2
"depend";"зависеть";A2
"description";"описание";A2
"desert";"пустыня";A2
"dessert";"десерт";A2
"destroy";"разрушать";A2
"detail";"деталь";A2
"develop";"развивать";A2
"developed";"развитый";A2
"diamond";"алмаз";A2
"diary";"дневник";A2
"die";"умереть";A2
"diet";"диета";A2
"differently";"по-другому";A2
"difficulty";"трудность";A2
"digital camera";"цифровая камера";A2
"dinosaur";"динозавр";A2
"direct";"прямой";A2
"direction";"направление";A2
"director";"директор";A2
"disadvantage";"недостаток";A2
"disagree";"не согласен";A2
"disappear";"пропадать";A2
"disappointed";"расстроенный";A2
"disappointing";"разочаровывающий";A2
"disco";"дискотека";A2
"discover";"обнаружить";A2
"discussion";"обсуждение";A2
"dishonest";"нечестный";A2
"dislike";"не нравится";A2
"display";"отображать";A2
"disturb";"беспокоить";A2
"divide";"разделять";A2
"dizzy";"испытывающий головокружение";A2
"done";"сделанный";A2
"double";"двойной";A2
"doubt";"сомневаться";A2
"down";"вниз";A2
"download";"скачать";A2
"downstairs";"внизу";A2
"downtown";"центр города";A2
"draw";"рисовать";A2
"drawer";"ящик";A2
"drawing";"рисунок";A2
"dream";"мечтать";A2
"dress";"одеваться";A2
"dressed";"одет";A2
"drill";"сверлить";A2
"drive";"водить машину";A2
"driver license";"водительское удостоверение";A2
"drop";"уронить";A2
"drug";"лекарство";A2
"drugstore";"аптека";A2
"dry";"сухой";A2
"duck";"утка";A2
"during";"в течение";A2
"dust";"пыль";A2
"early";"рано";A2
"earn";"зарабатывать";A2
"earring";"серьга";A2
"earth";"земля";A2
"earthquake";"землетрясение";A2
"easily";"легко";A2
"east";"восток";A2
"editor";"редактор";A2
"education";"образование";A2
"educational";"образовательный";A2
"effect";"эффект";A2
"effort";"усилие";A2
"either";"или";A2
"elderly";"пожилой";A2
"electric";"электрический";A2
"elephant";"слон";A2
"elevator";"лифт";A2
"elsewhere";"в другом месте";A2
"email";"электронная почта";A2
"embarrassing";"смущающий";A2
"emergency";"чрезвычайная ситуация";A2
"empty";"пустой";A2
"encourage";"поощрять";A2
"end";"конец";A2
"endangered";"находящихся под угрозой исчезновения";A2
"ending";"окончание";A2
"energetic";"энергичный";A2
"enormous";"громадный";A2
"enough";"достаточно";A2
"enter";"входить";A2
"entertainment";"развлечение";A2
"entrance";"вход";A2
"envelope";"конверт";A2
"envy";"завидовать";A2
"episode";"эпизод";A2
"error";"ошибка";A2
"escalator";"эскалатор";A2
"escape";"побег";A2
"especially";"особенно";A2
"essay";"эссе";A2
"establish";"учреждать";A2
"euro";"евро";A2
"even";"даже";A2
"ever";"всегда";A2
"evidence";"доказательство";A2
"exactly";"точно";A2
"exam";"экзамен";A2
"except";"кроме";A2
"exchange";"обмен";A2
"exercise";"упражнение";A2
"exhibition";"выставка";A2
"exist";"существовать";A2
"expect";"ожидать";A2
"experience";"опыт";A2
"expert";"эксперт";A2
"explain";"объяснять";A2
"explanation";"объяснение";A2
"explore";"исследовать";A2
"express";"выражать";A2
"expression";"выражение";A2
"extra";"дополнительный";A2
"extremely";"очень сильно";A2
"face";"лицо";A2
"fact";"факт";A2
"fail";"неудача";A2
"fairly";"весьма";A2
"fall";"падать";A2
"familiar";"привычный";A2
"fancy";"изысканный";A2
"fantastic";"фантастический";A2
"far";"далеко";A2
"fare";"стоимость проезда";A2
"fascinating";"очаровательный";A2
"fashion";"мода";A2
"fast food";"быстрое питание";A2
"fault";"вина";A2
"favor/favour";"благосклонность";A2
"fear";"страх";A2
"feather";"перо";A2
"feature";"особенность";A2
"fee";"платеж";A2
"feel";"чувствовать";A2
"female";"женский";A2
"fence";"изгородь";A2
"few";"немного";A2
"fiction";"вымысел";A2
"fighter";"боец";A2
"figure";"фигура";A2
"film";"фильм";A2
"final";"финальный";A2
"finally";"окончательно";A2
"first name";"имя";A2
"fisherman";"рыбак";A2
"fit";"соответствовать";A2
"fix";"исправить";A2
"flea";"блоха";A2
"flight";"полет";A2
"float";"плавать";A2
"flood";"наводнение";A2
"flour";"мука";A2
"fog";"туман";A2
"folder";"папка";A2
"follow";"следовать";A2
"fool";"дурак";A2
"footballer";"футболист";A2
"for";"для";A2
"forbid";"запретить";A2
"force";"сила";A2
"forest";"лес";A2
"forever";"навсегда";A2
"fork";"вилка";A2
"fortunately";"к счастью";A2
"fortune";"удача";A2
"forward";"вперед";A2
"frame";"рамка";A2
"frank";"откровенный";A2
"free";"бесплатно";A2
"freedom";"свобода";A2
"freeze";"заморозить";A2
"fresh";"свежий";A2
"fridge";"холодильник";A2
"fried";"жареный";A2
"friendship";"дружба";A2
"frighten";"пугать";A2
"frightened";"испуганный";A2
"frightening";"пугающий";A2
"front";"передний";A2
"fry";"жарить";A2
"fully";"полностью";A2
"function";"функция";A2
"furniture";"мебель";A2
"further";"дальше";A2
"gallery";"галерея";A2
"garage";"гараж";A2
"garlic";"чеснок";A2
"gas";"газ";A2
"gate";"ворота";A2
"gather";"собирать";A2
"gender";"пол";A2
"generation";"поколение";A2
"gentle";"нежный";A2
"given";"данный";A2
"globe";"глобус";A2
"glove";"перчатка";A2
"gold";"золото";A2
"golden";"золотой";A2
"golf";"гольф";A2
"good-looking";"хорошо выглядит";A2
"government";"правительство";A2
"grace";"милость";A2
"gradually";"постепенно";A2
"graduate";"выпускник";A2
"gram/gramme";"грамм";A2
"grandchild";"внук";A2
"granddad";"дедушка";A2
"granddaughter";"внучка";A2
"grandson";"внук";A2
"granny";"бабушка";A2
"grateful";"благодарный";A2
"greatly";"значительно";A2
"greedy";"жадный";A2
"green";"зеленый";A2
"grilled";"жареный на гриле";A2
"grocery store";"продуктовый магазин";A2
"guard";"сторожить";A2
"guidebook";"путеводитель";A2
"gun";"пистолет";A2
"half";"половина";A2
"half-price";"полцены";A2
"ham";"ветчина";A2
"hand";"рука";A2
"handbag";"сумочка";A2
"handicapped";"инвалид";A2
"handle";"ручка";A2
"happily";"счастливо";A2
"happiness";"счастье";A2
"hardly";"едва ли";A2
"harm";"вред";A2
"harmful";"вредный";A2
"harmony";"гармония";A2
"harvest";"урожай";A2
"hate";"ненавидеть";A2
"head";"голова";A2
"headphone";"наушники";A2
"headteacher";"директор школы";A2
"heat";"нагревать";A2
"heating";"обогрев";A2
"heavily";"сильно";A2
"help";"помощь";A2
"helpful";"полезный";A2
"hero";"герой";A2
"herself";"себя";A2
"hey";"привет";A2
"high";"высокий";A2
"high school";"средняя школа";A2
"highway";"шоссе";A2
"hike";"поход";A2
"hiking";"пеший туризм";A2
"himself";"сам";A2
"hip hop";"хип-хоп";A2
"hit";"ударять";A2
"hockey";"хоккей";A2
"hold";"держать";A2
"home";"дом";A2
"honey";"мед";A2
"honor";"честь";A2
"horror";"ужас";A2
"host";"хозяин";A2
"however";"однако";A2
"hug";"обнимать";A2
"human";"человек";A2
"hundred";"сто";A2
"hunter";"охотник";A2
"hurry";"торопиться";A2
"ID";"ИДЕНТИФИКАТОР";A2
"ID card";"Удостоверение личности";A2
"ill";"больной";A2
"illegal";"незаконный";A2
"image";"изображение";A2
"imagination";"воображение";A2
"impact";"влияние";A2
"impatient";"нетерпеливый";A2
"importance";"важность";A2
"importantly";"главное";A2
"impossible";"невозможный";A2
"impress";"произвести впечатление";A2
"improve";"улучшать";A2
"in";"в";A2
"inch";"дюйм";A2
"include";"включать";A2
"increase";"увеличивать";A2
"indeed";"действительно";A2
"independence";"независимость";A2
"indicate";"указывать";A2
"indoor";"крытый";A2
"inexpensive";"недорогой";A2
"influence";"влияние";A2
"injure";"ранить";A2
"inner";"внутренний";A2
"insect";"насекомое";A2
"inside";"внутри";A2
"inspiration";"вдохновение";A2
"instant";"мгновенный";A2
"instead";"вместо";A2
"instrument";"инструмент";A2
"intelligence";"интеллект";A2
"intelligent";"разумный";A2
"interest";"интерес";A2
"international";"международный";A2
"invade";"вторгаться";A2
"invent";"изобретать";A2
"invention";"изобретение";A2
"invite";"приглашать";A2
"issue";"проблема";A2
"it";"это";A2
"itself";"сам";A2
"jam";"варенье";A2
"jelly";"желе";A2
"joke";"шутить";A2
"journey";"путешествие";A2
"joy";"радость";A2
"junior";"младший";A2
"junk";"хлам";A2
"killer";"убийца";A2
"kilo";"килограмм";A2
"kilogram";"килограммы";A2
"kilometer/kilometre";"километр";A2
"kind";"добрый";A2
"kindly";"любезно";A2
"kingdom";"королевство";A2
"kit";"набор";A2
"knock";"стучать";A2
"knowledge";"знание";A2
"labor/labour";"труд";A2
"lack";"недостаток";A2
"lake";"озеро";A2
"lamp";"лампа";A2
"land";"земля";A2
"landscape";"пейзаж";A2
"lane";"переулок";A2
"last";"последний";A2
"latest";"последний";A2
"latter";"последний";A2
"law";"закон";A2
"lawyer";"адвокат";A2
"laziness";"лень";A2
"lead";"вести";A2
"learner";"ученик";A2
"least";"наименее";A2
"leather";"кожа";A2
"left";"левый";A2
"left-hand";"левая рука";A2
"leisure";"досуг";A2
"lemon";"лимон";A2
"lemonade";"лимонад";A2
"lend";"одалживать";A2
"less";"меньше";A2
"level";"уровень";A2
"liberty";"свобода";A2
"license";"лицензия";A2
"lie";"ложь";A2
"lifestyle";"образ жизни";A2
"likely";"вероятный";A2
"lip";"губа";A2
"liter/litre";"литр";A2
"lively";"живой";A2
"load";"нагрузка";A2
"local";"местный";A2
"lock";"замок";A2
"logical";"логичный";A2
"long";"длинный";A2
"loose";"свободный";A2
"lose";"терять";A2
"lost";"потерянный";A2
"lot";"много";A2
"loudly";"громко";A2
"lover";"возлюбленный";A2
"low";"низкий";A2
"luckily";"к счастью";A2
"lunchtime";"время обеда";A2
"lyric";"лирический";A2
"mad";"безумный";A2
"magic";"магия";A2
"main course";"основное блюдо";A2
"mainly";"главным образом";A2
"major";"главный";A2
"maker";"создатель";A2
"make-up";"составить";A2
"male";"мужской";A2
"mall";"торговый центр";A2
"manage";"управлять";A2
"manager";"менеджер";A2
"manner";"манера";A2
"mark";"отметка";A2
"market";"рынок";A2
"married";"женатый";A2
"marry";"жениться";A2
"marvelous";"чудесный";A2
"material";"материал";A2
"matter";"иметь значение";A2
"max";"Макс";A2
"mean";"иметь в виду";A2
"meaning";"значение";A2
"medal";"медаль";A2
"medical";"медицинский";A2
"melon";"дыня";A2
"member";"член";A2
"mention";"упомянуть";A2
"menu";"меню";A2
"metal";"металл";A2
"meter/metre";"метр";A2
"method";"метод";A2
"midday";"середина дня";A2
"middle";"середина";A2
"midnight";"полночь";A2
"might";"мощь";A2
"military";"военный";A2
"million";"миллион";A2
"mind";"разум";A2
"mineral water";"минеральная вода";A2
"mirror";"зеркало";A2
"missing";"отсутствующий";A2
"mistake";"ошибка";A2
"mix";"смешивание";A2
"mobile";"мобильный";A2
"model";"модель";A2
"modern";"современный";A2
"mood";"настроение";A2
"mosque";"мечеть";A2
"most";"большинство";A2
"mostly";"по большей части";A2
"motorway";"автомагистраль";A2
"move";"двигаться";A2
"MP3 player";"MP3-плеер";A2
"Ms";"Мисс";A2
"mug";"кружка";A2
"murder";"убийство";A2
"museum";"музей";A2
"mushroom";"гриб";A2
"musical";"мюзикл";A2
"myself";"сам";A2
"mysterious";"загадочный";A2
"mystery";"тайна";A2
"napkin";"салфетка";A2
"nation";"нация";A2
"national";"национальный";A2
"native";"родной";A2
"natural";"естественный";A2
"nature";"природа";A2
"nearly";"около";A2
"necessary";"необходимый";A2
"need";"нуждаться";A2
"negative";"отрицательный";A2
"nervous";"нервный";A2
"net";"сеть";A2
"next";"следующий";A2
"next to";"рядом с";A2
"no one";"никто";A2
"nobody";"никто";A2
"noisy";"шумный";A2
"noon";"полдень";A2
"normal";"нормальный";A2
"north";"север";A2
"notice";"уведомление";A2
"noun";"существительное";A2
"novel";"роман";A2
"nowadays";"настоящее время";A2
"oak";"дуб";A2
"occupation";"занятие";A2
"off";"выключенный";A2
"offer";"предложение";A2
"official";"чиновник";A2
"oil";"масло";A2
"olive oil";"оливковое масло";A2
"Olympic";"Олимпийский";A2
"omelet";"омлет";A2
"on";"на";A2
"one";"один";A2
"onion";"лук";A2
"online";"онлайн";A2
"operate";"действовать";A2
"opinion";"мнение";A2
"opportunity";"возможность";A2
"oppose";"выступать против";A2
"opposite";"противоположный";A2
"order";"заказ";A2
"organize";"организовать";A2
"organized";"организованный";A2
"original";"оригинальный";A2
"orphan";"сирота";A2
"other";"другой";A2
"ourselves";"мы сами";A2
"out of";"из";A2
"outside";"снаружи";A2
"oven";"печь";A2
"over";"над";A2
"overseas";"за границей";A2
"overweight";"избыточный вес";A2
"own";"собственный";A2
"pacific";"Тихоокеанский";A2
"pack";"пакет";A2
"painter";"художник";A2
"pal";"приятель";A2
"pan";"кастрюля";A2
"panic";"паника";A2
"park";"парк";A2
"part";"часть";A2
"partly";"частично";A2
"pass";"проходить";A2
"passage";"проход";A2
"passenger";"пассажир";A2
"pasta";"макароны";A2
"path";"путь";A2
"patient";"пациент";A2
"PC";"ПК";A2
"pea";"горох";A2
"peaceful";"мирный";A2
"pear";"груша";A2
"pence";"пенсы";A2
"penfriend";"друг по переписке";A2
"pepper";"перец";A2
"perfect";"идеальный";A2
"perfectly";"идеально";A2
"perform";"выполнять";A2
"performance";"производительность";A2
"perfume";"духи";A2
"perhaps";"возможно";A2
"permission";"разрешение";A2
"personality";"личность";A2
"petrol";"бензин";A2
"petrol station";"заправочная станция";A2
"photograph";"фотография";A2
"photographer";"фотограф";A2
"photography";"фотография";A2
"physical";"физический";A2
"physically";"физически";A2
"pile";"куча";A2
"pilgrim";"паломник";A2
"pill";"таблетка";A2
"pilot";"пилот";A2
"pink";"розовый";A2
"pity";"жалость";A2
"planet";"планета";A2
"plant";"растение";A2
"plastic";"пластик";A2
"plate";"тарелка";A2
"playful";"игривый";A2
"playground";"детская площадка";A2
"pleasant";"приятный";A2
"pleased";"довольный";A2
"pleasing";"приятный";A2
"plenty";"множество";A2
"plural";"множественное число";A2
"plus";"плюс";A2
"point";"точка";A2
"police";"полиция";A2
"police officer";"полицейский";A2
"police station";"полицейский участок";A2
"policeman";"полицейский";A2
"policewoman";"женщина-полицейский";A2
"polite";"вежливый";A2
"political";"политический";A2
"pollute";"загрязнять";A2
"popular";"популярный";A2
"population";"население";A2
"portrait";"портрет";A2
"position";"позиция";A2
"possible";"возможный";A2
"possibly";"возможно";A2
"post";"почта";A2
"post office";"почтовое отделение";A2
"pour";"налить";A2
"power";"власть";A2
"powerful";"мощный";A2
"precise";"точный";A2
"predict";"предсказывать";A2
"prediction";"прогноз";A2
"prefer";"предпочитать";A2
"prepare";"подготовить";A2
"pressure";"давление";A2
"pretend";"притворяться";A2
"pretty";"симпатичный";A2
"prevent";"предотвращать";A2
"pride";"гордость";A2
"principal";"главный";A2
"print";"распечатать";A2
"printer";"принтер";A2
"private";"частный";A2
"pro";"про";A2
"probably";"вероятно";A2
"produce";"производить";A2
"product";"продукт";A2
"production";"производство";A2
"professional";"профессиональный";A2
"progressive";"прогрессивный";A2
"promise";"обещать";A2
"pronounce";"произносить";A2
"pronunciation";"произношение";A2
"proper";"правильный";A2
"provide";"предоставлять";A2
"psychologist";"психолог";A2
"public";"общественный";A2
"publish";"публиковать";A2
"pull";"тянуть";A2
"punctuation";"пунктуация";A2
"purple";"фиолетовый";A2
"purpose";"цель";A2
"pursue";"преследовать";A2
"quality";"качество";A2
"queen";"королева";A2
"quick";"быстрый";A2
"quietly";"тихо";A2
"quit";"покидать";A2
"quite";"довольно";A2
"quiz";"контрольный опрос";A2
"racket";"ракетка";A2
"raincoat";"плащ";A2
"raise";"поднимать";A2
"range";"диапазон";A2
"rap";"рэп";A2
"rate";"ставка";A2
"rather";"скорее";A2
"rating";"рейтинг";A2
"raw";"сырой";A2
"ray";"луч";A2
"reach";"достигать";A2
"realize";"осознать";A2
"receipt";"квитанция";A2
"receive";"получать";A2
"recent";"недавний";A2
"recently";"недавно";A2
"receptionist";"регистратор";A2
"record";"записывать";A2
"recycle";"перерабатывать";A2
"red";"красный";A2
"refer";"ссылаться";A2
"reflect";"отражать";A2
"refrigerator";"холодильник";A2
"regret";"сожалеть";A2
"regular";"обычный";A2
"regularly";"регулярно";A2
"relax";"расслабляться";A2
"relaxed";"расслабленный";A2
"release";"выпускать";A2
"remain";"оставаться";A2
"remind";"напоминать";A2
"remote";"удаленный";A2
"rent";"арендовать";A2
"repair";"ремонт";A2
"replace";"заменять";A2
"reply";"отвечать";A2
"report";"отчет";A2
"represent";"представлять";A2
"request";"запрос";A2
"research";"исследовать";A2
"response";"ответ";A2
"retire";"уходить в отставку";A2
"retired";"ушедший на пенсию";A2
"return";"возвращаться";A2
"reunion";"воссоединение";A2
"reveal";"раскрывать";A2
"rhythm";"ритм";A2
"right";"верно";A2
"right-hand";"правая рука";A2
"ring";"кольцо";A2
"road";"дорога";A2
"roast";"жарить";A2
"rob";"грабить";A2
"robbery";"грабеж";A2
"robin";"Робин";A2
"rock";"камень";A2
"roll";"рулон";A2
"romance";"романтика";A2
"romantic";"романтический";A2
"roof";"крыша";A2
"root";"корень";A2
"rope";"веревка";A2
"roughly";"грубо";A2
"round";"круглый";A2
"roundabout";"кольцевая развязка";A2
"royal";"королевский";A2
"rugby";"регби";A2
"ruin";"разорение";A2
"rumor";"слух";A2
"runner";"бегун";A2
"running";"бег";A2
"rush";"торопиться";A2
"sadly";"грустно";A2
"safe";"безопасный";A2
"sailing";"парусный спорт";A2
"sake";"ради";A2
"salt";"соль";A2
"sample";"образец";A2
"sandy";"Сэнди";A2
"satisfy";"удовлетворить";A2
"sauce";"соус";A2
"sausage";"колбаса";A2
"scale";"шкала";A2
"scarf";"шарф";A2
"scene";"сцена";A2
"scenery";"пейзаж";A2
"schedule";"расписание";A2
"schoolchild";"школьник";A2
"schoolwork";"школьная работа";A2
"scientific";"научный";A2
"scissors";"ножницы";A2
"scream";"крик";A2
"screen";"экран";A2
"screw";"винт";A2
"script";"сценарий";A2
"seafood";"морепродукты";A2
"search";"поиск";A2
"seaside";"морской";A2
"second";"второй";A2
"secret";"секрет";A2
"secretary";"секретарь";A2
"seed";"семя";A2
"seek";"искать";A2
"seem";"казаться";A2
"semester";"семестр";A2
"send";"отправлять";A2
"senior";"старший";A2
"sense";"смысл";A2
"separate";"отдельный";A2
"seriously";"серьезно";A2
"serve";"служить";A2
"set";"набор";A2
"several";"несколько";A2
"sew";"шить";A2
"shade";"оттенок";A2
"shadow";"тень";A2
"shall";"должен";A2
"shampoo";"шампунь";A2
"shape";"форма";A2
"share";"делиться";A2
"shell";"оболочка";A2
"shine";"светить";A2
"shock";"шок";A2
"shoot";"стрелять";A2
"shop assistant";"продавец-консультант";A2
"shore";"берег";A2
"short";"короткий";A2
"shot";"выстрелил";A2
"shout";"кричать";A2
"show";"показывать";A2
"shut";"закрыть";A2
"sightseeing";"осмотр достопримечательностей";A2
"significant";"значительный";A2
"silence";"тишина";A2
"silently";"молча";A2
"silly";"глупый";A2
"silver";"серебро";A2
"similar";"похожий";A2
"simple";"простой";A2
"simply";"просто";A2
"since";"с";A2
"singing";"пение";A2
"single";"одинокий";A2
"singular";"единственное число";A2
"sink";"раковина";A2
"sitting room";"гостиная";A2
"situation";"ситуация";A2
"skate";"кататься на коньках";A2
"skateboarding";"скейтбординг";A2
"skating";"катание на коньках";A2
"ski";"лыжи";A2
"skiing";"катание на лыжах";A2
"slave";"раб";A2
"sleepless";"бессонный";A2
"sleepy";"сонный";A2
"slice";"кусочек";A2
"slide";"слайд";A2
"slim";"стройный";A2
"slowly";"медленно";A2
"smoke";"курить";A2
"smooth";"гладкий";A2
"smoothly";"плавно";A2
"snack";"закуска";A2
"snow";"снег";A2
"snowboarding";"сноуборд";A2
"so";"так";A2
"soap";"мыло";A2
"society";"общество";A2
"sock";"носок";A2
"soda";"сода";A2
"soft";"мягкий";A2
"soft drink";"безалкогольный напиток";A2
"softly";"мягко";A2
"software";"программное обеспечение";A2
"soldier";"солдат";A2
"solution";"решение";A2
"somebody";"кто-нибудь";A2
"someday";"когда-нибудь";A2
"somewhere";"где-то";A2
"sound";"звук";A2
"source";"источник";A2
"south";"юг";A2
"space";"космос";A2
"spaceship";"космический корабль";A2
"spaghetti";"спагетти";A2
"speaker";"оратор";A2
"specific";"специфический";A2
"speed";"скорость";A2
"spell";"заклинание";A2
"spill";"разливать";A2
"splash";"всплеск";A2
"split";"расколоть";A2
"spoon";"ложка";A2
"sports center";"спортивный центр";A2
"spread";"распространение";A2
"square";"квадрат";A2
"stadium";"стадион";A2
"staff";"персонал";A2
"stair";"лестница";A2
"stamp";"штамп";A2
"stand";"стоять";A2
"state";"состояние";A2
"statement";"заявление";A2
"statue";"статуя";A2
"steak";"стейк";A2
"steal";"воровать";A2
"step";"шаг";A2
"still";"все еще";A2
"stomach";"желудок";A2
"stomachache";"боли в животе";A2
"storm";"шторм";A2
"stove";"печь";A2
"straight";"прямой";A2
"stranger";"незнакомец";A2
"strategy";"стратегия";A2
"strength";"сила";A2
"strike";"ударять";A2
"string";"нить";A2
"strongly";"сильно";A2
"structure";"структура";A2
"study";"изучать";A2
"stuff";"вещи";A2
"style";"стиль";A2
"succeed";"преуспевать";A2
"success";"успех";A2
"successfully";"успешно";A2
"such";"такой";A2
"sudden";"внезапный";A2
"suggest";"предлагать";A2
"suit";"подходить";A2
"suitable";"подходящий";A2
"suitcase";"чемодан";A2
"summary";"краткое содержание";A2
"sunflower";"подсолнечник";A2
"sunglasses";"солнцезащитные очки";A2
"sunlight";"солнечный свет";A2
"superlative";"превосходная степень";A2
"superstar";"суперзвезда";A2
"supper";"ужин";A2
"support";"поддерживать";A2
"sure";"конечно";A2
"surf";"заниматься серфингом";A2
"surfing";"серфинг";A2
"surname";"фамилия";A2
"surprised";"удивлен";A2
"surprising";"удивительно";A2
"survive";"выживать";A2
"swallow";"глотать";A2
"sweat";"пот";A2
"sweater";"свитер";A2
"sweet";"сладкий";A2
"sweetheart";"дорогой";A2
"swimming costume";"купальный костюм";A2
"swimsuit";"купальник";A2
"symbol";"символ";A2
"symphony";"симфония";A2
"system";"система";A2
"table tennis";"настольный теннис";A2
"tablespoon";"столовая ложка";A2
"talent";"талант";A2
"tap";"кран";A2
"tape";"лента";A2
"target";"цель";A2
"task";"задача";A2
"tear";"рвать";A2
"teenage";"подростковый";A2
"teenager";"подросток";A2
"telephone";"телефон";A2
"temperature";"температура";A2
"terrify";"пугать";A2
"terrorist";"террорист";A2
"text";"текст";A2
"text message";"текстовое сообщение";A2
"textbook";"учебник";A2
"theirs";"их";A2
"themselves";"сами себя";A2
"therefore";"поэтому";A2
"thief";"вор";A2
"third";"третий";A2
"thirsty";"испытывающий жажду";A2
"though";"хотя";A2
"thought";"мысль";A2
"thousand";"тысяча";A2
"throw";"бросать";A2
"thunderstorm";"гроза";A2
"tidy";"аккуратный";A2
"tie";"галстук";A2
"tights";"колготки";A2
"till";"до";A2
"timetable";"расписание";A2
"tip";"кончик";A2
"title";"заголовок";A2
"toast";"тост";A2
"toe";"палец на ноге";A2
"tone";"тон";A2
"tonight";"сегодня вечером";A2
"toothache";"зубная боль";A2
"toothbrush";"зубная щетка";A2
"tour";"тур";A2
"tour guide";"гид";A2
"tourist";"турист";A2
"toward";"к";A2
"track";"отслеживать";A2
"trade";"торговля";A2
"tradition";"традиция";A2
"traditional";"традиционный";A2
"traffic";"трафик";A2
"traffic light";"светофор";A2
"train";"тренироваться";A2
"training";"обучение";A2
"tram";"трамвай";A2
"trap";"ловушка";A2
"travel";"путешествовать";A2
"traveler";"путешественник";A2
"treasure";"сокровище";A2
"trick";"обманывать";A2
"trouble";"беда";A2
"truly";"действительно";A2
"trust";"доверять";A2
"truth";"правда";A2
"try";"пытаться";A2
"tune";"настраивать";A2
"twice";"дважды";A2
"uncertain";"неопределенный";A2
"uncomfortable";"неудобно";A2
"understand";"понимать";A2
"underwater";"под водой";A2
"uneasy";"непростой";A2
"unfair";"несправедливый";A2
"unforgettable";"незабываемый";A2
"unfortunately";"к сожалению";A2
"unhappy";"несчастный";A2
"unhealthy";"нездоровый";A2
"uniform";"униформа";A2
"unimportant";"неважно";A2
"unit";"единица";A2
"university";"университет";A2
"unknown";"неизвестный";A2
"unlike";"в отличие от";A2
"unnecessary";"ненужный";A2
"unpleasant";"неприятный";A2
"unusual";"необычный";A2
"up";"вверх";A2
"upon";"на";A2
"upset";"расстройство";A2
"upstairs";"наверху";A2
"use";"использовать";A2
"used";"использовал";A2
"useful";"полезный";A2
"usual";"обычный";A2
"valley";"долина";A2
"value";"ценить";A2
"verb";"глагол";A2
"video game";"видеоигра";A2
"view";"вид";A2
"village";"деревня";A2
"violent";"жестокий";A2
"violin";"скрипка";A2
"visitor";"посетитель";A2
"vocabulary";"словарный запас";A2
"voice";"голос";A2
"walking";"ходьба";A2
"wallet";"кошелек";A2
"wander";"бродить";A2
"washing machine";"стиральная машина";A2
"washing-up";"мытье посуды";A2
"wave";"волна";A2
"weak";"слабый";A2
"wealth";"богатство";A2
"web";"сеть";A2
"web page";"веб-страница";A2
"website";"веб-сайт";A2
"wedding";"свадьба";A2
"weekday";"будний день";A2
"weekly";"еженедельно";A2
"weep";"плакать";A2
"weigh";"взвешивать";A2
"weight";"масса";A2
"well-known";"известный";A2
"west";"запад";A2
"wet";"влажный";A2
"whatever";"что бы ни";A2
"wheelchair";"инвалидная коляска";A2
"while";"пока";A2
"whole";"весь";A2
"whom";"кому";A2
"wide";"широкий";A2
"widely";"широко";A2
"wild";"дикий";A2
"windy";"ветрено";A2
"wine";"вино";A2
"winner";"победитель";A2
"wisdom";"мудрость";A2
"wise";"мудрый";A2
"wish";"желание";A2
"within";"в пределах";A2
"without";"без";A2
"wonder";"удивляться";A2
"wood";"древесина";A2
"wooden";"деревянный";A2
"wool";"шерсть";A2
"worldwide";"по всему миру";A2
"worried";"обеспокоенный";A2
"worry";"волноваться";A2
"worse";"хуже";A2
"worst";"худший";A2
"writing";"письмо";A2
"wrong";"неправильный";A2
"yeah";"ага";A2
"youth";"молодость";A2
"zone";"зона";A2
